<RSAKeyValue><Modulus>psNYW+DCoxrd5CSDTZjCi+IngH1y1r1hGlmhOJv5c+q/fWr6Mgo7172O/qkBoJWY94gtfkGDk6UpuL8d3kztJGRpe/5hGtxd9RcwDYfA3Fe3gKD5iJepNRcpy5R7xhifee+02E24eG4PT0JpV75k+qj2dTaoBpJv8BQ43lZnpdc=</Modulus><Exponent>AQAB</Exponent><P>7BBXlSlEIg+1gI0592Kv1nUgJ6u8MC5zHIY3KUsRnN001mSASbgpBHoWV9F0ASbWFMErNcl2I+u4BId0QoHV5Q==</P><Q>tNi7mRXZLwAwRjtjZSS3qArLzwtJsiL2V8sUHUy0F4U95vXEgtSn02IXlEKDu13QteP9rW0EPk0TWyQgqy5RCw==</Q><DP>eCMk/5N9yjvmaiL1kjIWPPVkxOvAnWC2Upj3r7s1nnhxcH67T0k7Dr03a7/74q4qG2vnmrsJteQ7xYpOH57GBQ==</DP><DQ>Af6+GxM9oSIcZjnzf8Mm74im9PLH7loqY4+O+j/FYNkMdMbTUyora86SOgV91IxVaBxKySYBvPo2s3OzlI/fPw==</DQ><InverseQ>flh1UOE20tM3IAmoa9/EKxUo/F4yfw5Tn/8pmhCU/6+XASdkRSKnCJH8XCSdeiD067yiD22OHfGXwtaMLynLgw==</InverseQ><D>CKTVfqWu0Q+CcuHloG8Lnn6Rd5qJClJ0pw4ASlPjYTvIwzJ5V4CqS2t67v5JpE48yI/Zc9LnhA6qk/XsEWrBW+zwSf6H1IGVATw0sF69Mq5TsDQHEIlfzKFbQYNIDzEi7K2SflTSs3QYoGC+OiS+wPokEqW8m/yfzxpAvI5d/Ik=</D></RSAKeyValue>